FECHA TRANSACCION;FECHA ENTRADA;NUMERO REFERENCIA;DESCRIPCION;DESCRIPCION_2;DESCRIPCION_3;ORIGEN;VALOR;SALDO
20191202;20191202;93103138; 29/11/19 GOC 02                        ;DEPOSITO CTA AH SIN LIBRETA             ;;CR;36280;3116186.43
20191202;20191202;93203697; 30/11/19 GOC 02                        ;DEPOSITO CTA AH SIN LIBRETA             ;;CR;27229;3143415.43
20191202;20191202;11022905; TIENDA GOC 01 29/11/19                 ;DEPOSITO CTA AH SIN LIBRETA             ;;CR;28969.83;3172385.26
20191202;20191202;11312063; TIENDA GOC 01 30/11/2019               ;DEPOSITO CTA AH SIN LIBRETA             ;;CR;10046.98;3182432.24
20191203;20191203;92455831; 02-12-19 GOC 02                        ;DEPOSITO CTA AH SIN LIBRETA             ;;CR;5000;3187432.24
20191204;20191204;93609743; 3/12/19 GOC 02                         ;DEPOSITO CTA AH SIN LIBRETA             ;;CR;7528;3194960.24
20191204;20191204;24825712; TIENDA GOC 01 02/12/19                 ;DEPOSITO CTA AH SIN LIBRETA             ;;CR;825;3195785.24
20191204;20191204;24919298; TIENDA GOC  01  03/12/19               ;DEPOSITO CTA AH SIN LIBRETA             ;;CR;4087.05;3199872.29
20191205;20191205;92150837; 04-12-19 GOC 02                        ;DEPOSITO CTA AH SIN LIBRETA             ;;CR;11757;3211629.29
20191205;20191205;45611983; TIENDA GOC-01                          ;DEPOSITO CTA AH SIN LIBRETA             ;;CR;2500;3214129.29
20191206;20191206;90959170; 05/12/19 GOC 02                        ;DEPOSITO CTA AH SIN LIBRETA             ;;CR;2303;3216432.29
20191207;20191207;92700506; 06-12-19 GOC-02                        ;DEPOSITO CTA AH SIN LIBRETA             ;;CR;7614;3224046.29
20191209;20191209;91743982; 07/12/19 GOC-02                        ;DEPOSITO CTA AH SIN LIBRETA             ;;CR;5944;3229990.29
20191209;20191209;91854912; 08/12/19 GOC-02                        ;DEPOSITO CTA AH SIN LIBRETA             ;;CR;2361;3232351.29
20191209;20191209;2146743; TIENDA GOC-01 05-12-19                 ;DEPOSITO CTA AH SIN LIBRETA             ;;CR;7370;3239721.29
20191209;20191209;2317026; TIENDA GOC-01 06-12-19                 ;DEPOSITO CTA AH SIN LIBRETA             ;;CR;6150;3245871.29
20191209;20191209;2433341; TIENDA GOC-01 07-12-19                 ;DEPOSITO CTA AH SIN LIBRETA             ;;CR;12675;3258546.29
20191210;20191210;92129242; 9/12/19 GOC 2                          ;DEPOSITO CTA AH SIN LIBRETA             ;;CR;10209;3268755.29
20191210;20191210;1925937; TIENDA GOC 01 09/12/19                 ;DEPOSITO CTA AH SIN LIBRETA             ;;CR;1428.9;3270184.19
20191211;20191211;90749743; 10/12/19 GOC-02                        ;DEPOSITO CTA AH SIN LIBRETA             ;;CR;3946;3274130.19
20191211;20191211;14934565; TIENDAS GOC 10/12/2019                 ;DEPOSITO CTA AH SIN LIBRETA             ;;CR;1500;3275630.19
20191212;20191212;92546375; 11-12-19 GOC-02                        ;DEPOSITO CTA AH SIN LIBRETA             ;;CR;2403;3278033.19
20191212;20191212;55856273; TIENDA GOC 01 11/12/19                 ;DEPOSITO CTA AH SIN LIBRETA             ;;CR;10912.73;3288945.92
20191213;20191213;93614305; 12/12/19 GOC 2                         ;DEPOSITO CTA AH SIN LIBRETA             ;;CR;10011;3298956.92
20191213;20191213;80303939; TIENDA GOC 01 12/12/19                 ;DEPOSITO CTA AH SIN LIBRETA             ;;CR;9855;3308811.92
20191214;20191214;14816353; TIENDAS GOC-01 13/12/2019              ;DEPOSITO CTA AH SIN LIBRETA             ;;CR;5027.4;3313839.32
20191214;20191214;44240055;DEPOSITO CTA AH SIN LIBRETA             ;;;CR;9527;3323366.32
20191216;20191216;94009942; 14/12/19 GOC 02                        ;DEPOSITO CTA AH SIN LIBRETA             ;;CR;28138;3351504.32
20191216;20191216;94109378; 15/12/19 GOC 02                        ;DEPOSITO CTA AH SIN LIBRETA             ;;CR;8690;3360194.32
20191216;20191216;23006532;DEPOSITO CTA AH SIN LIBRETA             ;;;CR;10520;3370714.32
20191217;20191217;92116782; 16/12/19 GOC 02                        ;DEPOSITO CTA AH SIN LIBRETA             ;;CR;5095;3375809.32
20191217;20191217;24605104; TIENDA GOC 01 16/12/2019               ;DEPOSITO CTA AH SIN LIBRETA             ;;CR;20282.42;3396091.74
20191218;20191218;1517744; 17/12/19 GOC 02                        ;DEPOSITO CTA AH SIN LIBRETA             ;;CR;6205;3402296.74
20191218;20191218;42941050; TIENDAS GOC 01 17/12/19                ;DEPOSITO CTA AH SIN LIBRETA             ;;CR;5241.5;3407538.24
20191219;20191219;92356506; 18/12/19 GOC 02                        ;DEPOSITO CTA AH SIN LIBRETA             ;;CR;21803;3429341.24
20191219;20191219;34429856; TIENDA GOC 01 18/12/19                 ;DEPOSITO CTA AH SIN LIBRETA             ;;CR;12241.4;3441582.64
20191220;20191220;92615061; 19-12-19 GOC-02                        ;DEPOSITO CTA AH SIN LIBRETA             ;;CR;12408;3453990.64
20191221;20191221;92622837; 20/12/19 GOC 2                         ;DEPOSITO CTA AH SIN LIBRETA             ;;CR;16777;3470767.64
20191221;20191221;5632289;DEPOSITO CTA AH SIN LIBRETA             ;;;CR;9789;3480556.64
20191221;20191221;5748257; TIENDAS GOC 01 20/12/2019              ;DEPOSITO CTA AH SIN LIBRETA             ;;CR;7360;3487916.64
20191223;20191223;91001008; 21/12/19 GOC-02                        ;DEPOSITO CTA AH SIN LIBRETA             ;;CR;31914;3519830.64
20191223;20191223;91124920; 22/12/19 GOC-02                        ;DEPOSITO CTA AH SIN LIBRETA             ;;CR;8280;3528110.64
20191223;20191223;1050735; TIENDA GOC 01 21/12/19                 ;DEPOSITO CTA AH SIN LIBRETA             ;;CR;10801.7;3538912.34
20191224;20191224;91354645; 23/12/19 GOC-02                        ;DEPOSITO CTA AH SIN LIBRETA             ;;CR;29633;3568545.34
20191224;20191224;22018546; TIENDA GOC 01 23/12/19                 ;DEPOSITO CTA AH SIN LIBRETA             ;;CR;6955;3575500.34
20191226;20191226;94104593; 24/12/19                               ;DEPOSITO CTA AH SIN LIBRETA             ;;CR;14207;3589707.34
20191226;20191226;94440331; 24/12/19                               ;DEPOSITO CTA AH SIN LIBRETA             ;;CR;500;3590207.34
20191226;20191226;12016846; TIENDA GOC 01 24/12/19                 ;DEPOSITO CTA AH SIN LIBRETA             ;;CR;4636;3594843.34
20191227;20191227;91818027; 26-12-19 GOC-02                        ;DEPOSITO CTA AH SIN LIBRETA             ;;CR;11037;3605880.34
20191227;20191227;3956882; TIENDAS DOC 01 26/12/2019              ;DEPOSITO CTA AH SIN LIBRETA             ;;CR;7585;3613465.34
20191228;20191228;91921035; 27/12/19 COG 02                        ;DEPOSITO CTA AH SIN LIBRETA             ;;CR;17360;3630825.34
20191228;20191228;13203774; TIENDA GOC 01 27/12/19                 ;DEPOSITO CTA AH SIN LIBRETA             ;;CR;12859.86;3643685.2
20191230;20191230;91749613; COG 02 28/12/19                        ;DEPOSITO CTA AH SIN LIBRETA             ;;CR;11673;3655358.2
20191230;20191230;91858951; 29/12/19 GOC 02                        ;DEPOSITO CTA AH SIN LIBRETA             ;;CR;3599;3658957.2
20191230;20191230;92815838; TIENDA GOC 01 28/12/19                 ;DEPOSITO CTA AH SIN LIBRETA             ;;CR;8215.99;3667173.19
20191231;20191231;213386; 30-12-19 GOC                           ;DEPOSITO CTA AH SIN LIBRETA             ;;CR;24102;3691275.19
20191231;20191231;10122073; TIENDA GOC 01 30/12/19                 ;DEPOSITO CTA AH SIN LIBRETA             ;;CR;1196;3692471.19
20191231;20191231;63055;DESCUENTO INT CA 10%                    ;;;DB;1142.55;3691328.64
20191231;20191231;1128;CAPITALIZACION DE DIVIDENDOS            ;;;CR;11425.52;3702754.16
